[
    {
        "key": "group_5d6fa8a18a33f",
        "title": "Archive",
        "fields": [
            {
                "key": "field_5d6fa8ae0034a",
                "label": "File URL",
                "name": "archive_file_url",
                "type": "file",
                "instructions": "",
                "required": 1,
                "conditional_logic": 0,
                "wrapper": {
                    "width": "",
                    "class": "",
                    "id": ""
                },
                "return_format": "url",
                "library": "all",
                "min_size": "",
                "max_size": "",
                "mime_types": ""
            }
        ],
        "location": [
            [
                {
                    "param": "post_type",
                    "operator": "==",
                    "value": "archive"
                }
            ]
        ],
        "menu_order": 0,
        "position": "acf_after_title",
        "style": "default",
        "label_placement": "top",
        "instruction_placement": "label",
        "hide_on_screen": "",
        "active": true,
        "description": ""
    },
    {
        "key": "group_5d722f6643568",
        "title": "Category",
        "fields": [
            {
                "key": "field_5d722fbc0784a",
                "label": "Logo",
                "name": "category_logo",
                "type": "image",
                "instructions": "",
                "required": 0,
                "conditional_logic": 0,
                "wrapper": {
                    "width": "",
                    "class": "",
                    "id": ""
                },
                "return_format": "array",
                "preview_size": "medium",
                "library": "all",
                "min_width": "",
                "min_height": "",
                "min_size": "",
                "max_width": "",
                "max_height": "",
                "max_size": "",
                "mime_types": ""
            },
            {
                "key": "field_5d722fd80784b",
                "label": "Title",
                "name": "category_title",
                "type": "text",
                "instructions": "",
                "required": 0,
                "conditional_logic": 0,
                "wrapper": {
                    "width": "",
                    "class": "",
                    "id": ""
                },
                "default_value": "",
                "placeholder": "",
                "prepend": "",
                "append": "",
                "maxlength": ""
            },
            {
                "key": "field_5d722fe80784c",
                "label": "Gradient Start",
                "name": "gradient_start",
                "type": "color_picker",
                "instructions": "",
                "required": 0,
                "conditional_logic": 0,
                "wrapper": {
                    "width": "",
                    "class": "",
                    "id": ""
                },
                "default_value": ""
            },
            {
                "key": "field_5d72303eb706b",
                "label": "Outline color",
                "name": "outline_color",
                "type": "color_picker",
                "instructions": "",
                "required": 0,
                "conditional_logic": 0,
                "wrapper": {
                    "width": "",
                    "class": "",
                    "id": ""
                },
                "default_value": ""
            },
            {
                "key": "field_5d72304d4e385",
                "label": "Theme color",
                "name": "theme_color",
                "type": "color_picker",
                "instructions": "",
                "required": 0,
                "conditional_logic": 0,
                "wrapper": {
                    "width": "",
                    "class": "",
                    "id": ""
                },
                "default_value": ""
            },
            {
                "key": "field_5d8ddb983c298",
                "label": "Gradient End",
                "name": "gradient_end",
                "type": "color_picker",
                "instructions": "",
                "required": 0,
                "conditional_logic": 0,
                "wrapper": {
                    "width": "",
                    "class": "",
                    "id": ""
                },
                "default_value": ""
            },
            {
                "key": "field_5d8ddbbe3c299",
                "label": "Primary Color",
                "name": "primary_color",
                "type": "color_picker",
                "instructions": "",
                "required": 0,
                "conditional_logic": 0,
                "wrapper": {
                    "width": "",
                    "class": "",
                    "id": ""
                },
                "default_value": ""
            },
            {
                "key": "field_5d8ddbcf3c29a",
                "label": "Secondary Color",
                "name": "secondary_color",
                "type": "color_picker",
                "instructions": "",
                "required": 0,
                "conditional_logic": 0,
                "wrapper": {
                    "width": "",
                    "class": "",
                    "id": ""
                },
                "default_value": ""
            }
        ],
        "location": [
            [
                {
                    "param": "taxonomy",
                    "operator": "==",
                    "value": "category"
                }
            ]
        ],
        "menu_order": 0,
        "position": "normal",
        "style": "default",
        "label_placement": "top",
        "instruction_placement": "label",
        "hide_on_screen": "",
        "active": true,
        "description": ""
    },
    {
        "key": "group_5d6fa4f1dc976",
        "title": "Contact",
        "fields": [
            {
                "key": "field_5d722b365ff7e",
                "label": "Contact details",
                "name": "contact_details",
                "type": "repeater",
                "instructions": "",
                "required": 1,
                "conditional_logic": 0,
                "wrapper": {
                    "width": "",
                    "class": "",
                    "id": ""
                },
                "collapsed": "field_5d722b5f5ff7f",
                "min": 0,
                "max": 0,
                "layout": "row",
                "button_label": "",
                "sub_fields": [
                    {
                        "key": "field_5d722b5f5ff7f",
                        "label": "Full Name",
                        "name": "contact_name",
                        "type": "text",
                        "instructions": "",
                        "required": 1,
                        "conditional_logic": 0,
                        "wrapper": {
                            "width": "",
                            "class": "",
                            "id": ""
                        },
                        "default_value": "",
                        "placeholder": "",
                        "prepend": "",
                        "append": "",
                        "maxlength": ""
                    },
                    {
                        "key": "field_5d722bfd5ff86",
                        "label": "Designation",
                        "name": "designation",
                        "type": "text",
                        "instructions": "",
                        "required": 0,
                        "conditional_logic": 0,
                        "wrapper": {
                            "width": "",
                            "class": "",
                            "id": ""
                        },
                        "default_value": "",
                        "placeholder": "",
                        "prepend": "",
                        "append": "",
                        "maxlength": ""
                    },
                    {
                        "key": "field_5d722b6f5ff80",
                        "label": "Picture",
                        "name": "contact_picture",
                        "type": "image",
                        "instructions": "",
                        "required": 1,
                        "conditional_logic": [
                            [
                                {
                                    "field": "field_5d722b365ff7e",
                                    "operator": "!=empty"
                                }
                            ]
                        ],
                        "wrapper": {
                            "width": "",
                            "class": "",
                            "id": ""
                        },
                        "return_format": "url",
                        "preview_size": "medium",
                        "library": "all",
                        "min_width": "",
                        "min_height": "",
                        "min_size": "",
                        "max_width": "",
                        "max_height": "",
                        "max_size": "",
                        "mime_types": ""
                    },
                    {
                        "key": "field_5d722b8f5ff81",
                        "label": "Instagram",
                        "name": "instagram",
                        "type": "url",
                        "instructions": "",
                        "required": 0,
                        "conditional_logic": 0,
                        "wrapper": {
                            "width": "",
                            "class": "",
                            "id": ""
                        },
                        "default_value": "",
                        "placeholder": ""
                    },
                    {
                        "key": "field_5d72456a9fd99",
                        "label": "Twitter",
                        "name": "twitter",
                        "type": "url",
                        "instructions": "",
                        "required": 0,
                        "conditional_logic": 0,
                        "wrapper": {
                            "width": "",
                            "class": "",
                            "id": ""
                        },
                        "default_value": "",
                        "placeholder": ""
                    },
                    {
                        "key": "field_5d7245819fd9a",
                        "label": "Facebook",
                        "name": "facebook",
                        "type": "url",
                        "instructions": "",
                        "required": 0,
                        "conditional_logic": 0,
                        "wrapper": {
                            "width": "",
                            "class": "",
                            "id": ""
                        },
                        "default_value": "",
                        "placeholder": ""
                    },
                    {
                        "key": "field_5d8db086ffd9f",
                        "label": "LinkdIn",
                        "name": "linkdin",
                        "type": "url",
                        "instructions": "",
                        "required": 0,
                        "conditional_logic": 0,
                        "wrapper": {
                            "width": "",
                            "class": "",
                            "id": ""
                        },
                        "default_value": "",
                        "placeholder": ""
                    },
                    {
                        "key": "field_5d7245919fd9b",
                        "label": "E-Mail",
                        "name": "email",
                        "type": "email",
                        "instructions": "",
                        "required": 0,
                        "conditional_logic": 0,
                        "wrapper": {
                            "width": "",
                            "class": "",
                            "id": ""
                        },
                        "default_value": "",
                        "placeholder": "",
                        "prepend": "",
                        "append": ""
                    }
                ]
            }
        ],
        "location": [
            [
                {
                    "param": "post_type",
                    "operator": "==",
                    "value": "contact"
                }
            ]
        ],
        "menu_order": 0,
        "position": "acf_after_title",
        "style": "default",
        "label_placement": "top",
        "instruction_placement": "label",
        "hide_on_screen": "",
        "active": true,
        "description": ""
    },
    {
        "key": "group_5d70a67967742",
        "title": "Gallery",
        "fields": [
            {
                "key": "field_5d70a67fb7a5e",
                "label": "Photos",
                "name": "photos",
                "type": "gallery",
                "instructions": "",
                "required": 1,
                "conditional_logic": 0,
                "wrapper": {
                    "width": "",
                    "class": "",
                    "id": ""
                },
                "return_format": "array",
                "preview_size": "medium",
                "insert": "append",
                "library": "all",
                "min": "",
                "max": "",
                "min_width": "",
                "min_height": "",
                "min_size": "",
                "max_width": "",
                "max_height": "",
                "max_size": "",
                "mime_types": ""
            }
        ],
        "location": [
            [
                {
                    "param": "post_type",
                    "operator": "==",
                    "value": "gallery"
                }
            ]
        ],
        "menu_order": 0,
        "position": "acf_after_title",
        "style": "default",
        "label_placement": "top",
        "instruction_placement": "label",
        "hide_on_screen": "",
        "active": true,
        "description": ""
    },
    {
        "key": "group_5d6fa65112eac",
        "title": "Link",
        "fields": [
            {
                "key": "field_5d6fa66e4fbed",
                "label": "Link details",
                "name": "link_details",
                "type": "repeater",
                "instructions": "",
                "required": 0,
                "conditional_logic": 0,
                "wrapper": {
                    "width": "",
                    "class": "",
                    "id": ""
                },
                "collapsed": "",
                "min": 0,
                "max": 0,
                "layout": "row",
                "button_label": "",
                "sub_fields": [
                    {
                        "key": "field_5d722c8ad2ee2",
                        "label": "Platform",
                        "name": "link_platform",
                        "type": "text",
                        "instructions": "",
                        "required": 0,
                        "conditional_logic": 0,
                        "wrapper": {
                            "width": "",
                            "class": "",
                            "id": ""
                        },
                        "default_value": "",
                        "placeholder": "",
                        "prepend": "",
                        "append": "",
                        "maxlength": ""
                    },
                    {
                        "key": "field_5d722c9ad2ee3",
                        "label": "Link",
                        "name": "link",
                        "type": "url",
                        "instructions": "",
                        "required": 0,
                        "conditional_logic": 0,
                        "wrapper": {
                            "width": "",
                            "class": "",
                            "id": ""
                        },
                        "default_value": "",
                        "placeholder": ""
                    },
                    {
                        "key": "field_5d722cabd2ee4",
                        "label": "Icon",
                        "name": "link_icon",
                        "type": "select",
                        "instructions": "",
                        "required": 0,
                        "conditional_logic": 0,
                        "wrapper": {
                            "width": "",
                            "class": "",
                            "id": ""
                        },
                        "choices": {
                            "fa-facebook-official": "Facebook",
                            "fa-instagram": "Instagram",
                            "fa-wikipedia-w": "Wikipedia",
                            "fa-twitter": "Twitter",
                            "fa-youtube": "Youtube",
                            "fa-angellist": "Angellist",
                            "fa-tumblr-square": "Tumblr",
                            "fa-snapchat": "Snapchat",
                            "fa-pinterest": "Pinterest",
                            "fa-linkedin-square": "LinkdIn",
                            "fa-globe": "Website"
                        },
                        "default_value": [],
                        "allow_null": 0,
                        "multiple": 0,
                        "ui": 0,
                        "return_format": "value",
                        "ajax": 0,
                        "placeholder": ""
                    }
                ]
            }
        ],
        "location": [
            [
                {
                    "param": "post_type",
                    "operator": "==",
                    "value": "link"
                }
            ]
        ],
        "menu_order": 0,
        "position": "acf_after_title",
        "style": "default",
        "label_placement": "top",
        "instruction_placement": "label",
        "hide_on_screen": "",
        "active": true,
        "description": ""
    },
    {
        "key": "group_5d6fa1bcb0c24",
        "title": "Map",
        "fields": [
            {
                "key": "field_5d6fa1cb12305",
                "label": "Map details",
                "name": "map_details",
                "type": "repeater",
                "instructions": "",
                "required": 0,
                "conditional_logic": 0,
                "wrapper": {
                    "width": "",
                    "class": "",
                    "id": ""
                },
                "collapsed": "",
                "min": 0,
                "max": 0,
                "layout": "row",
                "button_label": "",
                "sub_fields": [
                    {
                        "key": "field_5d721db8fbec4",
                        "label": "Name",
                        "name": "map_name",
                        "type": "text",
                        "instructions": "",
                        "required": 0,
                        "conditional_logic": 0,
                        "wrapper": {
                            "width": "",
                            "class": "",
                            "id": ""
                        },
                        "default_value": "",
                        "placeholder": "Map name",
                        "prepend": "",
                        "append": "",
                        "maxlength": ""
                    },
                    {
                        "key": "field_5d721dd2fbec5",
                        "label": "Coordinates",
                        "name": "map_coordinates",
                        "type": "google_map",
                        "instructions": "",
                        "required": 0,
                        "conditional_logic": 0,
                        "wrapper": {
                            "width": "",
                            "class": "",
                            "id": ""
                        },
                        "center_lat": "",
                        "center_lng": "",
                        "zoom": "",
                        "height": ""
                    },
                    {
                        "key": "field_5d721dedfbec6",
                        "label": "Content",
                        "name": "map_content",
                        "type": "textarea",
                        "instructions": "",
                        "required": 0,
                        "conditional_logic": 0,
                        "wrapper": {
                            "width": "",
                            "class": "",
                            "id": ""
                        },
                        "default_value": "",
                        "placeholder": "",
                        "maxlength": "",
                        "rows": "",
                        "new_lines": ""
                    },
                    {
                        "key": "field_5d721e0efbec7",
                        "label": "Color",
                        "name": "map_color",
                        "type": "color_picker",
                        "instructions": "",
                        "required": 0,
                        "conditional_logic": 0,
                        "wrapper": {
                            "width": "",
                            "class": "",
                            "id": ""
                        },
                        "default_value": ""
                    }
                ]
            }
        ],
        "location": [
            [
                {
                    "param": "post_type",
                    "operator": "==",
                    "value": "map"
                }
            ]
        ],
        "menu_order": 0,
        "position": "side",
        "style": "default",
        "label_placement": "top",
        "instruction_placement": "label",
        "hide_on_screen": "",
        "active": true,
        "description": ""
    },
    {
        "key": "group_5d6fa105507e5",
        "title": "Millestone",
        "fields": [
            {
                "key": "field_5d6fa10f7b3ef",
                "label": "Timeline details",
                "name": "timeline_details",
                "type": "repeater",
                "instructions": "",
                "required": 0,
                "conditional_logic": 0,
                "wrapper": {
                    "width": "",
                    "class": "",
                    "id": ""
                },
                "collapsed": "field_5d72075ffc14d",
                "min": 0,
                "max": 0,
                "layout": "row",
                "button_label": "",
                "sub_fields": [
                    {
                        "key": "field_5d72075ffc14d",
                        "label": "Title",
                        "name": "timeline_title",
                        "type": "text",
                        "instructions": "",
                        "required": 0,
                        "conditional_logic": 0,
                        "wrapper": {
                            "width": "",
                            "class": "",
                            "id": ""
                        },
                        "default_value": "",
                        "placeholder": "",
                        "prepend": "",
                        "append": "",
                        "maxlength": ""
                    },
                    {
                        "key": "field_5d72079cfc14e",
                        "label": "Content",
                        "name": "timeline_content",
                        "type": "textarea",
                        "instructions": "",
                        "required": 0,
                        "conditional_logic": 0,
                        "wrapper": {
                            "width": "",
                            "class": "",
                            "id": ""
                        },
                        "default_value": "",
                        "placeholder": "",
                        "maxlength": "",
                        "rows": "",
                        "new_lines": ""
                    },
                    {
                        "key": "field_5d72081738e21",
                        "label": "Year",
                        "name": "timeline_year",
                        "type": "number",
                        "instructions": "",
                        "required": 1,
                        "conditional_logic": 0,
                        "wrapper": {
                            "width": "",
                            "class": "",
                            "id": ""
                        },
                        "default_value": "",
                        "placeholder": "",
                        "prepend": "",
                        "append": "",
                        "min": 1500,
                        "max": 2100,
                        "step": 1
                    },
                    {
                        "key": "field_5d7208693e68d",
                        "label": "Icon",
                        "name": "timeline_favicon",
                        "type": "image",
                        "instructions": "",
                        "required": 1,
                        "conditional_logic": 0,
                        "wrapper": {
                            "width": "",
                            "class": "",
                            "id": ""
                        },
                        "return_format": "url",
                        "preview_size": "thumbnail",
                        "library": "all",
                        "min_width": "",
                        "min_height": "",
                        "min_size": "",
                        "max_width": "",
                        "max_height": "",
                        "max_size": "",
                        "mime_types": ""
                    }
                ]
            }
        ],
        "location": [
            [
                {
                    "param": "post_type",
                    "operator": "==",
                    "value": "timeline"
                }
            ]
        ],
        "menu_order": 0,
        "position": "acf_after_title",
        "style": "default",
        "label_placement": "top",
        "instruction_placement": "label",
        "hide_on_screen": "",
        "active": true,
        "description": ""
    },
    {
        "key": "group_5d71ebbbccc09",
        "title": "Tab",
        "fields": [
            {
                "key": "field_5d71ebc03f3c6",
                "label": "Tab",
                "name": "tab",
                "type": "repeater",
                "instructions": "",
                "required": 1,
                "conditional_logic": 0,
                "wrapper": {
                    "width": "",
                    "class": "",
                    "id": ""
                },
                "collapsed": "",
                "min": 1,
                "max": 4,
                "layout": "row",
                "button_label": "",
                "sub_fields": [
                    {
                        "key": "field_5d71ebd23f3c7",
                        "label": "Tab title",
                        "name": "tab_title",
                        "type": "text",
                        "instructions": "",
                        "required": 0,
                        "conditional_logic": 0,
                        "wrapper": {
                            "width": "",
                            "class": "",
                            "id": ""
                        },
                        "default_value": "",
                        "placeholder": "",
                        "prepend": "",
                        "append": "",
                        "maxlength": ""
                    },
                    {
                        "key": "field_5d71ebea3f3c8",
                        "label": "Tab content",
                        "name": "tab_content",
                        "type": "textarea",
                        "instructions": "",
                        "required": 0,
                        "conditional_logic": 0,
                        "wrapper": {
                            "width": "",
                            "class": "",
                            "id": ""
                        },
                        "default_value": "",
                        "placeholder": "",
                        "maxlength": "",
                        "rows": "",
                        "new_lines": ""
                    }
                ]
            }
        ],
        "location": [
            [
                {
                    "param": "post_type",
                    "operator": "==",
                    "value": "tab"
                }
            ]
        ],
        "menu_order": 0,
        "position": "acf_after_title",
        "style": "default",
        "label_placement": "top",
        "instruction_placement": "label",
        "hide_on_screen": "",
        "active": true,
        "description": ""
    },
    {
        "key": "group_5d6fa83e00162",
        "title": "Video",
        "fields": [
            {
                "key": "field_5d6fa84537f9c",
                "label": "Duration",
                "name": "video_duration",
                "type": "time_picker",
                "instructions": "",
                "required": 0,
                "conditional_logic": 0,
                "wrapper": {
                    "width": "",
                    "class": "",
                    "id": ""
                },
                "display_format": "H:i",
                "return_format": "H:i"
            },
            {
                "key": "field_5d75da4a99407",
                "label": "Video file",
                "name": "video_file",
                "type": "file",
                "instructions": "",
                "required": 0,
                "conditional_logic": 0,
                "wrapper": {
                    "width": "",
                    "class": "",
                    "id": ""
                },
                "return_format": "url",
                "library": "all",
                "min_size": "",
                "max_size": "",
                "mime_types": ""
            }
        ],
        "location": [
            [
                {
                    "param": "post_type",
                    "operator": "==",
                    "value": "video"
                }
            ]
        ],
        "menu_order": 0,
        "position": "normal",
        "style": "default",
        "label_placement": "top",
        "instruction_placement": "label",
        "hide_on_screen": "",
        "active": true,
        "description": ""
    },
    {
        "key": "group_5d6fa91eedbe0",
        "title": "Webinar",
        "fields": [
            {
                "key": "field_5d6fa92e0ba49",
                "label": "Duration",
                "name": "webinar_duration",
                "type": "time_picker",
                "instructions": "",
                "required": 0,
                "conditional_logic": 0,
                "wrapper": {
                    "width": "",
                    "class": "",
                    "id": ""
                },
                "display_format": "g:i a",
                "return_format": "g:i a"
            },
            {
                "key": "field_5d72371ad6983",
                "label": "Presenter Name",
                "name": "presenter_name",
                "type": "text",
                "instructions": "",
                "required": 0,
                "conditional_logic": 0,
                "wrapper": {
                    "width": "",
                    "class": "",
                    "id": ""
                },
                "default_value": "",
                "placeholder": "",
                "prepend": "",
                "append": "",
                "maxlength": ""
            },
            {
                "key": "field_5d73669f1a0b9",
                "label": "URL",
                "name": "webinar_url",
                "type": "url",
                "instructions": "",
                "required": 0,
                "conditional_logic": 0,
                "wrapper": {
                    "width": "",
                    "class": "",
                    "id": ""
                },
                "default_value": "",
                "placeholder": ""
            },
            {
                "key": "field_5d8dd9aebabc3",
                "label": "Webinar Schedule",
                "name": "webinar_schedule",
                "type": "date_time_picker",
                "instructions": "",
                "required": 0,
                "conditional_logic": 0,
                "wrapper": {
                    "width": "",
                    "class": "",
                    "id": ""
                },
                "display_format": "F j, Y g:i a",
                "return_format": "F j, Y g:i a",
                "first_day": 1
            },
            {
                "key": "field_5d8dda2ebabc4",
                "label": "Venue",
                "name": "venue",
                "type": "text",
                "instructions": "",
                "required": 0,
                "conditional_logic": 0,
                "wrapper": {
                    "width": "",
                    "class": "",
                    "id": ""
                },
                "default_value": "",
                "placeholder": "",
                "prepend": "",
                "append": "",
                "maxlength": ""
            },
            {
                "key": "field_5d8dda5ebabc5",
                "label": "Timezone",
                "name": "timezone",
                "type": "date_time_picker",
                "instructions": "",
                "required": 0,
                "conditional_logic": 0,
                "wrapper": {
                    "width": "",
                    "class": "",
                    "id": ""
                },
                "display_format": "d\/m\/Y g:i a",
                "return_format": "d\/m\/Y g:i a",
                "first_day": 1
            }
        ],
        "location": [
            [
                {
                    "param": "post_type",
                    "operator": "==",
                    "value": "webinar"
                }
            ]
        ],
        "menu_order": 0,
        "position": "normal",
        "style": "default",
        "label_placement": "top",
        "instruction_placement": "label",
        "hide_on_screen": "",
        "active": true,
        "description": ""
    },
    {
        "key": "group_5d6fa759aeb79",
        "title": "Podcast",
        "fields": [
            {
                "key": "field_5d75daa2d467b",
                "label": "Audio file",
                "name": "audio_file",
                "type": "file",
                "instructions": "",
                "required": 0,
                "conditional_logic": 0,
                "wrapper": {
                    "width": "",
                    "class": "",
                    "id": ""
                },
                "return_format": "url",
                "library": "all",
                "min_size": "",
                "max_size": "",
                "mime_types": ""
            }
        ],
        "location": [
            [
                {
                    "param": "post_type",
                    "operator": "==",
                    "value": "podcast"
                }
            ]
        ],
        "menu_order": 1,
        "position": "acf_after_title",
        "style": "default",
        "label_placement": "top",
        "instruction_placement": "label",
        "hide_on_screen": [
            "excerpt"
        ],
        "active": true,
        "description": ""
    },
    {
        "key": "group_5d8af1f3315b1",
        "title": "Visualizer",
        "fields": [
            {
                "key": "field_5d8af20027516",
                "label": "Visualizer",
                "name": "visualizer",
                "type": "wysiwyg",
                "instructions": "",
                "required": 0,
                "conditional_logic": 0,
                "wrapper": {
                    "width": "",
                    "class": "",
                    "id": ""
                },
                "default_value": "",
                "tabs": "all",
                "toolbar": "full",
                "media_upload": 1,
                "delay": 0
            }
        ],
        "location": [
            [
                {
                    "param": "post_type",
                    "operator": "==",
                    "value": "insights"
                }
            ]
        ],
        "menu_order": 1,
        "position": "side",
        "style": "default",
        "label_placement": "top",
        "instruction_placement": "label",
        "hide_on_screen": "",
        "active": true,
        "description": ""
    }
]